PlayerName,prog_1,prog_2,prog_3,prog_4,prog_5,prog_6,prog_7,prog_8,prog_9,prog_10,prog_11,prog_12,prog_13,prog_14,prog_15,prog_16,prog_17,prog_18,prog_19,prog_20,prog_21,prog_22,prog_23,prog_24,prog_25,prog_26,prog_27,prog_28,prog_29,prog_30,prog_31,prog_32,prog_33,prog_34,prog_35,prog_36,prog_37,prog_38,prog_39,prog_40,prog_41,prog_42,prog_43,prog_44,prog_45,prog_46,prog_47,prog_48,prog_49,prog_50,prog_51,prog_52,prog_53,prog_54
Garcia John,3.4788,3.462,3.4474,3.4642,3.4757,3.498,3.4751,3.4818,3.4586,3.4646,3.4646,3.4578,3.4307,3.4226,3.4482,3.438,3.4645,3.4523,3.4424,3.4252,3.435,3.4183,3.4064,3.3915,3.3882,3.3864,3.3829,3.3809,3.3779,3.3762,,,,,,,,,,,,,,,,,,,,,,,,
Whittington Richard,4.0816,4.12,4.1504,4.1753,4.2039,4.221,4.2457,4.2584,4.2761,4.2568,4.2807,4.3043,4.3113,4.3522,4.3572,4.3285,4.3335,4.3635,4.3184,4.3499,4.3117,4.3175,4.3302,4.3357,4.3459,4.3406,4.3317,4.3384,4.3408,4.3474,4.3497,4.3563,4.3584,4.3276,4.2811,4.3279,4.2834,4.2383,4.2663,4.2427,4.2707,4.294,,,,,,,,,,,,
Legg Donald,4.4812,4.522,4.5541,4.5638,4.5702,4.5775,4.584,4.5899,4.5964,4.6348,4.647,4.6737,4.682,4.7017,4.7075,4.7269,4.7339,4.7516,4.758,4.7743,4.78,4.8251,4.8437,4.8122,4.8297,4.8679,4.8817,4.88,4.9004,4.9019,4.8842,4.8827,4.862,4.8786,4.8806,4.8636,4.8653,4.8878,4.8891,4.8909,4.8924,4.894,4.8953,4.8968,4.8983,4.8991,4.9258,4.9265,4.9491,4.9497,4.9692,,,
Campbell Tony,4.5854,4.6142,4.6295,4.6542,4.6678,4.6678,4.6505,4.6604,4.6817,4.6718,4.6512,4.6653,4.6933,4.7014,4.7208,4.729,4.7155,4.7247,4.7658,4.7468,4.7807,4.8032,4.8289,4.8093,4.823,4.8301,4.8203,4.8279,4.8402,4.8474,4.8486,4.8401,4.8413,4.8495,4.8483,4.857,4.8681,4.8899,4.8974,4.9167,4.9223,4.905,4.9195,4.9281,4.943,4.9492,4.9602,4.9557,,,,,,
Dicomitis Beth,4.4024,4.4413,4.4495,4.4774,4.4838,4.5047,4.5367,4.5834,4.6283,4.5865,4.6353,4.5924,,,,,,,,,,,,,,,,,,,,,,,,,,,,,,,,,,,,,,,,,,
Owens Brian,4.3828,4.4254,4.402,4.435,4.4615,4.4615,4.4432,4.4817,4.4981,4.4711,4.4887,4.4562,4.4179,4.3784,4.4028,4.354,4.3768,4.3398,4.3528,4.3927,4.3826,4.3519,4.3398,4.3801,4.3664,4.3194,4.3292,4.3725,4.3602,4.3121,4.2924,4.3096,4.2925,4.3092,4.2941,4.309,4.3472,4.365,4.409,4.4216,4.4621,4.4715,4.4445,4.4752,4.5087,4.463,4.435,4.4642,4.4422,4.4581,4.4779,4.489,4.4654,4.4778
Dodge Greg,4.111,4.1297,4.146,4.1041,4.1469,4.188,4.2167,4.1908,4.2162,4.2419,4.2703,4.2472,4.2703,4.2423,4.2625,4.2508,4.2586,4.2464,4.2401,4.2401,4.2458,4.218,4.2536,4.2279,4.1891,4.1707,4.2014,4.1599,4.1695,4.121,4.1318,4.1746,4.1829,4.1663,4.2083,4.2253,4.268,4.2455,4.2075,4.2135,4.2322,4.2373,4.2531,4.2576,4.2712,4.3187,4.3212,4.2747,4.2777,4.3176,4.32,,,
Armstrong Richard,4.6086,4.5695,4.5542,4.5792,4.5656,4.5656,4.6133,4.5947,4.6304,4.6475,4.6226,4.6417,4.6815,4.721,4.7696,4.8184,4.8493,4.8863,4.9111,4.9044,4.9227,4.9167,4.8983,4.9051,4.9267,4.9314,4.9099,4.9145,4.8924,4.8969,4.9337,4.9753,4.9976,4.949,4.9694,5.0053,4.9632,4.9934,5.0381,5.0807,5.0455,5.095,5.117,5.1188,5.099,5.101,5.1246,5.1263,,,,,,
Woolley Cheryl,3.8494,3.8616,3.8883,3.8966,3.9163,3.9221,3.9511,3.9771,3.997,3.9715,3.9777,3.9496,3.9562,3.9247,3.9319,,,,,,,,,,,,,,,,,,,,,,,,,,,,,,,,,,,,,,,
Sacre Darrin,4.4604,4.4993,4.5075,4.5354,4.5418,4.5627,,,,,,,,,,,,,,,,,,,,,,,,,,,,,,,,,,,,,,,,,,,,,,,,
Deberadinis David,4.3688,4.328,4.2959,4.3378,4.2897,4.2486,4.2089,4.2348,4.2658,4.2287,4.248,4.2858,4.2619,4.291,4.2674,4.2391,4.2814,4.3122,4.3617,4.4012,4.3707,4.4021,4.4119,4.435,4.4435,4.464,4.4709,4.476,4.4556,4.4607,4.4784,4.4827,4.5034,4.4568,4.4148,4.3815,4.3388,4.3595,4.3975,4.4277,4.4336,4.4015,4.4078,4.385,4.3914,4.4327,4.4472,4.4771,4.4893,4.5139,4.5231,,,
Stults Deborah,4.3632,4.3216,4.3654,4.414,4.451,4.4151,,,,,,,,,,,,,,,,,,,,,,,,,,,,,,,,,,,,,,,,,,,,,,,,
Halterman Debra (Deb),4.4204,4.4492,4.4645,4.4892,4.5028,4.5028,4.4855,4.4954,4.5167,4.5068,4.4862,4.5003,4.5283,4.5364,4.5558,4.564,4.5505,4.5597,4.6008,4.5818,4.6157,4.6382,4.6639,4.6443,4.658,4.6651,4.6553,4.6629,4.6752,4.6824,4.6836,4.6751,4.6763,4.6845,4.6833,4.692,4.6568,4.6071,4.5633,4.5297,4.4927,4.5164,4.5275,4.5493,4.5568,4.5761,4.5817,4.5644,4.5789,4.5875,4.6024,4.6086,4.6196,4.6151
Fuleky Diana,4.1869,4.2362,4.2635,4.2949,4.2949,4.2949,4.3258,4.3444,4.365,4.3479,4.3271,4.308,4.3463,4.3721,4.3477,4.3673,4.3445,4.3655,4.3244,4.3199,4.286,4.2917,4.266,4.2596,4.2306,4.2806,4.2546,4.2092,4.1893,4.1506,4.1605,4.1274,4.1176,4.0725,4.0844,4.1252,4.1673,4.1366,4.0919,4.1376,4.1728,4.1436,4.1878,4.1411,4.1789,4.2207,4.1955,4.2384,,,,,,
Krick Daniel,4.4262,4.4599,4.4192,4.3908,4.4223,4.4223,4.4396,4.4706,4.4493,4.4733,4.4939,4.5144,4.5487,4.5918,4.6177,4.5843,4.6112,4.6489,4.6923,4.6423,4.689,4.7344,4.7731,4.8118,4.8315,4.8474,4.8645,4.8792,4.8943,4.9083,4.9109,4.9606,4.9622,4.9958,4.9975,4.9738,4.9836,4.9534,4.9409,4.8983,4.8795,4.83,4.8333,4.8077,4.8112,4.8379,4.8409,4.8592,,,,,,
Soufy Dorothy (Dottie),3.4864,3.5313,3.5485,3.5058,3.4913,3.5374,,,,,,,,,,,,,,,,,,,,,,,,,,,,,,,,,,,,,,,,,,,,,,,,
Podoley Deanna,4.0202,4.061,4.0931,4.1125,4.1195,4.1372,4.1436,4.1599,4.1656,4.2107,4.2293,4.1978,4.2153,4.2535,4.2673,4.2656,4.286,4.2875,4.2698,4.2683,4.2476,4.2642,4.2662,4.2492,4.2509,4.2734,4.2747,4.2755,4.3022,4.3029,4.3255,4.3261,4.3456,,,,,,,,,,,,,,,,,,,,,
Plainfield Maureen,4.0722,4.1059,4.0652,4.0368,4.0683,4.0683,4.0856,4.1166,4.0953,4.1193,4.1399,4.1604,4.1206,4.1374,4.0888,4.072,4.0411,4.0188,4.0531,4.0962,4.1221,4.0887,4.1156,4.1533,4.1967,4.1467,4.1934,4.2388,4.2775,4.3162,4.3359,4.3518,4.3689,4.3836,4.3987,4.4127,4.4153,4.465,4.4666,4.5002,4.5019,4.4782,4.488,4.4578,4.4453,4.4027,4.3839,4.3344,4.3377,4.3121,4.3156,4.3423,4.3453,4.3636
Grider Ronald,4.2751,4.2325,4.2052,4.1722,4.1722,4.1722,4.2018,4.2481,4.2857,4.3204,4.3676,4.3876,4.3596,4.3196,4.3002,4.2532,4.2667,4.2275,4.2504,4.2073,4.2305,4.2639,4.2639,4.2262,4.2046,4.2502,4.2717,4.241,4.2631,4.2951,4.2537,4.2868,4.3212,4.3663,4.4114,4.3706,4.3324,4.3743,4.3303,4.2947,4.2542,4.304,4.3503,4.3759,4.3406,4.3139,4.2647,4.2464,,,,,,
Peters Eva,4.2822,4.2528,4.2762,4.2988,4.2723,4.2723,4.2275,4.2176,4.2565,4.2664,4.3136,4.2995,,,,,,,,,,,,,,,,,,,,,,,,,,,,,,,,,,,,,,,,,,
Good Evelyn,3.9482,3.9249,3.9522,3.903,3.8744,3.9046,3.8799,3.8501,3.8324,3.8443,3.8144,3.8246,3.8639,3.8496,3.8122,3.8239,3.8169,3.8291,3.8227,3.8227,3.817,3.8642,3.9059,3.9379,3.9858,3.9641,4.0012,4.0418,4.0533,4.082,4.0911,4.1127,4.1202,4.1668,4.2116,4.2449,4.277,4.2563,4.2847,4.3155,4.3546,4.3078,4.3427,4.3878,4.4111,4.4165,4.3898,4.3955,4.3729,4.3789,4.3594,,,
Garcia Luis,4.1182,4.1668,4.1793,4.2149,4.2337,4.2599,,,,,,,,,,,,,,,,,,,,,,,,,,,,,,,,,,,,,,,,,,,,,,,,
Gelb Kathy,4.2494,4.2882,4.2575,4.2464,4.1978,4.1903,4.1547,4.1491,4.1229,,,,,,,,,,,,,,,,,,,,,,,,,,,,,,,,,,,,,,,,,,,,,
Jones Gary,4.2989,4.2652,4.2375,4.2659,4.2384,4.2384,4.2832,4.2369,4.198,4.1633,4.1161,4.0961,4.0464,4.0246,3.9871,3.9738,3.9445,3.9323,3.9193,3.9238,3.9339,3.9282,3.9403,3.9467,3.9246,3.9199,3.9009,3.8963,3.8797,3.8752,3.874,3.8678,3.8666,3.86,3.8612,3.854,3.8514,3.8065,3.8049,3.8476,3.8459,3.7998,3.7832,3.8211,3.8028,3.7683,3.7533,3.7062,3.7382,3.7849,3.8298,3.788,3.8368,3.7939
Minton Gloria,4.1216,4.1608,4.1298,4.0871,4.1011,4.0549,4.0685,4.0328,4.0458,4.0074,3.979,3.9523,3.9292,3.9095,3.8893,3.9185,3.9477,3.9048,3.8725,3.9079,3.9468,3.9154,3.8958,3.8727,3.8952,3.8747,3.897,3.8564,3.8341,3.8054,3.7898,3.7682,3.7564,3.7497,3.7632,3.7566,3.7725,3.7659,3.7819,3.8218,3.8203,3.7919,3.7906,3.8289,3.8274,,,,,,,,,
Landau Mitch,3.9458,3.9691,3.9418,3.9169,3.8919,3.8748,3.8583,3.8456,3.8336,3.8033,3.7911,3.75,3.7417,3.6948,3.689,3.7256,3.7178,3.6707,3.677,3.6431,3.6374,3.6546,3.6742,3.6498,3.6273,3.6498,3.6275,3.6224,3.6109,3.6058,3.5967,3.5924,3.5849,3.5807,3.5783,3.5734,3.5711,3.5658,3.5637,3.5576,3.5918,3.5998,3.5604,3.5688,3.5329,3.5321,3.5296,3.5289,3.5259,3.5253,3.5229,,,
Hall Jamie,4.4196,4.3729,4.4092,4.3995,4.3567,4.3494,4.3207,4.3148,4.2894,4.3265,4.2774,4.2396,4.2063,4.1772,4.1552,4.1186,4.0894,4.1365,4.1688,4.2027,4.1638,4.1166,4.1131,4.0811,4.0785,4.1002,4.0976,4.0918,4.1037,4.0982,4.1087,4.114,4.1001,4.061,4.059,4.0144,4.0127,3.9708,3.9695,3.9635,3.9576,3.9525,3.9462,3.9417,3.9353,3.9519,3.906,3.8895,3.8601,3.8801,3.8506,,,
Williams James (Jim),4.5268,4.5562,4.5969,4.5743,4.5428,4.5428,4.5132,4.5399,4.5023,4.4784,4.4312,4.4622,4.5077,4.4819,4.4323,4.4127,4.4484,4.4274,4.4026,4.3627,4.3444,4.3751,4.3935,4.3532,4.3753,4.3682,4.3872,4.3796,4.3962,4.389,4.4145,4.3986,4.4267,4.412,4.4435,4.4295,4.4431,4.4012,4.384,4.4196,4.4341,4.3843,4.363,4.3197,4.2945,4.3292,4.2994,4.2634,4.2192,4.2033,4.1655,4.1544,4.1796,4.1672
Armstrong Janna,3.7896,3.7505,3.7352,3.7602,3.7466,3.7466,3.7943,3.7757,3.8114,3.8285,3.8036,3.8227,3.8625,3.902,3.9506,3.9994,4.0303,4.0673,4.0921,4.0854,4.1037,4.0977,4.0793,4.0861,4.1077,4.1124,4.0909,4.0955,4.0734,4.0779,4.1147,4.1563,4.1786,4.13,4.1504,4.1863,4.1442,4.1744,4.2191,4.2617,4.2265,4.276,4.298,4.2998,4.28,4.282,4.3056,4.3073,,,,,,
Stephens Jan,3.511,3.4923,3.476,3.4448,3.4308,3.4061,3.3925,3.3723,3.3593,3.3896,3.4195,3.4606,3.4213,3.4682,3.5056,3.4986,3.4762,3.4712,3.4513,3.4463,3.4284,3.4174,3.4076,3.418,3.4095,3.3978,3.3909,3.3926,3.383,3.3815,3.3707,3.3722,3.3639,3.403,3.3717,3.4163,3.4439,3.4858,3.4459,3.406,3.3718,3.4002,3.4396,3.4013,3.4372,3.4318,3.4287,3.423,3.4258,3.4198,3.4171,,,
Hill Jennifer,3.6304,3.6771,3.6408,3.6835,3.7085,3.7547,3.7712,3.8069,3.8189,3.807,3.8397,3.8295,3.8051,3.8194,3.7893,3.8176,3.7767,3.7459,3.7746,3.7351,3.7051,3.7161,3.6975,3.6871,3.6696,3.6813,3.6675,3.709,3.6971,3.7456,3.7351,3.6923,3.7062,3.727,3.7135,3.6924,3.6765,3.7,3.684,3.6901,3.651,3.643,3.6081,3.5997,3.5764,3.5633,3.5869,3.5741,3.5461,3.5357,3.5124,,,
Doran Jim,4.5849,4.6342,4.6615,4.6929,4.6929,4.6929,4.7238,4.7424,4.763,4.7459,4.7251,4.706,4.7443,4.7701,4.7457,4.7653,4.7425,4.7635,4.7224,4.7179,4.684,4.6897,4.664,4.6576,4.7076,4.6622,4.6235,4.6334,4.6003,4.5905,4.5454,4.5573,4.5981,,,,,,,,,,,,,,,,,,,,,
Witt Janice,3.7456,3.6989,3.7352,3.7255,3.6827,3.6754,3.6467,3.6408,3.6154,3.6525,3.6034,3.5656,3.5323,3.5032,3.4812,3.4446,3.4154,3.4625,3.4948,3.5287,3.4898,3.4426,3.4391,3.4071,3.4045,3.4262,3.4236,3.4178,3.4297,3.4242,3.4347,3.44,3.4261,3.387,3.385,3.3404,3.3387,3.2968,3.2955,3.2895,3.2836,3.2785,3.2722,3.2677,3.2613,,,,,,,,,
Baraga Joan,3.7724,3.7332,3.7642,3.8134,3.8615,3.8313,3.871,3.9008,3.8698,3.8225,3.7898,3.7555,3.7799,3.8086,3.8387,3.8193,3.8417,3.824,3.8439,3.8276,3.8455,3.8771,3.8994,3.9221,3.9377,3.9552,3.967,3.9712,3.9264,3.9313,3.8992,3.9045,3.8761,3.8459,3.8924,3.9245,3.969,3.9918,3.9638,3.9769,3.98,3.9928,3.99,4.0004,4.0031,,,,,,,,,
Hurst John (Jack),4.2503,4.2236,4.2072,4.2311,4.2135,4.1825,4.2322,4.2241,4.2616,4.2534,4.2827,4.2735,4.2392,4.2633,4.2374,4.2673,4.2404,4.2769,4.304,4.2584,4.2328,4.2635,4.237,4.205,4.1727,4.1577,4.1818,4.1651,4.1375,4.1218,4.1104,4.0926,4.0844,4.0718,4.0654,4.056,4.0773,4.0394,4.0646,4.0991,4.1289,4.176,,,,,,,,,,,,
Hartman Julia,3.9708,3.93,3.8979,3.9398,3.8917,3.8506,3.8109,3.8368,3.8678,3.8307,3.85,3.8878,3.8639,3.893,3.8694,3.8411,3.8834,3.9142,3.9637,4.0032,3.9727,4.0041,4.0139,4.037,4.0455,4.066,4.0729,4.078,4.0576,4.0627,4.0804,4.0847,4.1054,4.0588,4.0168,3.9835,3.9408,3.9615,3.9995,4.0297,4.0356,4.0035,4.0098,3.987,3.9934,4.0347,4.0492,4.0791,4.0913,4.1159,4.1251,,,
O'Connor Kathleen,4.0267,3.9774,3.9283,3.8969,3.936,3.936,3.9543,3.9276,3.9112,3.9351,3.9175,3.8865,3.9362,3.9281,3.9656,3.9574,3.9867,3.9775,3.9432,3.9673,3.9414,3.9713,3.9444,3.9809,4.008,3.9624,3.9368,3.9675,3.941,3.909,3.8767,3.8617,3.8858,3.8691,3.8415,3.8258,3.8144,3.7966,3.7884,3.7758,3.7694,3.76,3.7813,3.7434,3.7686,3.8031,3.8329,3.88,,,,,,
Engel Kaylene,4.5677,4.5741,4.5814,4.5879,4.5938,4.6003,4.6281,4.6316,4.6573,4.6599,4.6783,4.6809,4.6827,4.6842,4.6858,4.6871,4.6886,4.6901,4.6426,4.6885,4.735,4.7644,4.7245,4.754,,,,,,,,,,,,,,,,,,,,,,,,,,,,,,
McLain Kimberly (Kim),4.0497,4.0256,3.9837,3.9538,3.9216,3.8851,3.8825,3.8376,3.836,3.8787,3.877,3.8309,,,,,,,,,,,,,,,,,,,,,,,,,,,,,,,,,,,,,,,,,,
Dahl Susan,3.9404,3.902,3.8716,3.9028,3.8964,3.9211,3.9146,3.9348,3.9283,3.9026,3.9517,3.9748,4.0081,4.0361,4.0581,4.0289,3.9866,4.0295,3.98,3.9446,3.9751,3.9579,3.9162,3.9406,3.8927,3.8702,3.8331,3.8015,3.7888,3.7661,3.7559,3.7384,3.7473,3.7265,3.7578,3.7789,3.7513,3.7278,3.7677,3.7659,3.7472,3.7456,3.7298,3.7283,3.7147,3.6981,3.6836,3.7001,3.6879,3.6679,3.6587,,,
Landau Laura,3.9648,3.9881,3.9608,3.9359,3.9109,3.8938,3.8773,3.8646,3.8526,3.8223,3.8101,3.769,3.7607,3.7138,3.708,3.7446,3.7368,3.6897,3.696,3.6621,3.6564,3.6736,3.6932,3.6688,3.6463,3.6688,3.6465,3.6414,3.6299,3.6248,3.6157,3.6114,3.6039,3.5997,3.5973,3.5924,3.5901,3.5848,3.5827,3.5766,3.6108,3.6188,3.5794,3.5878,3.5519,3.5511,3.5486,3.5479,3.5449,3.5443,3.5419,,,
Graham Lisa,4.1428,4.1722,4.2129,4.1903,4.1588,4.1588,4.1292,4.1559,4.1183,4.0944,4.0472,4.0782,4.1237,4.0979,4.0483,4.0287,4.0644,4.0434,4.0186,3.9787,3.9604,3.9911,4.0095,3.9692,3.9913,3.9842,4.0032,3.9956,4.0122,4.005,4.0305,4.0146,4.0427,4.028,4.0595,4.0455,4.0591,4.0172,4,4.0356,4.0501,4.0003,3.979,3.9357,3.9105,3.9452,3.9154,3.8794,3.8352,3.8193,3.7815,3.7704,3.7956,3.7832
Sacre Linda,4.3605,4.4057,4.3908,4.3501,4.3391,4.3823,,,,,,,,,,,,,,,,,,,,,,,,,,,,,,,,,,,,,,,,,,,,,,,,
Farrell Lisa,4.1626,4.201,4.2314,4.2563,4.2849,4.302,4.3267,4.3394,4.3571,4.4044,4.3851,4.4194,4.4433,4.4146,4.4382,4.4452,4.4861,4.4911,4.4624,4.4674,4.4974,4.4523,4.4167,4.4482,4.487,4.4488,4.4181,4.4239,4.4366,4.4421,4.4523,4.447,4.4381,4.4448,4.4472,4.4538,4.4561,4.4627,4.4648,4.434,4.3875,4.4343,4.3898,4.3447,4.3727,4.3314,4.3078,4.2779,4.3059,4.2813,4.3046,,,
Piatt Linda,4.0363,4.0754,4.1245,4.0995,4.0604,4.0604,4.0295,3.991,3.9704,3.9974,4.0182,4.0507,4.0052,4.027,4.0766,4.0899,4.0542,4.0664,4.1097,4.1287,4.1706,4.1481,4.1803,4.1999,4.1565,4.1646,4.1179,4.1281,4.0894,4.1016,4.143,4.158,4.1236,4.1403,4.0952,4.1109,4.0741,4.0352,4.0129,3.985,3.9646,3.9437,3.9707,4.014,3.9805,3.9458,3.9738,4.0098,3.9778,3.9692,3.9243,3.9181,3.8693,3.8738
Attwood Mark,4.9701,4.9394,4.8947,4.9404,4.9756,4.9464,,,,,,,,,,,,,,,,,,,,,,,,,,,,,,,,,,,,,,,,,,,,,,,,
Kilfoyle Marla,4.2768,4.3194,4.296,4.329,4.3555,4.3555,4.3372,4.3757,4.3921,4.3651,4.3827,4.3502,4.3119,4.2724,4.2968,4.248,4.2708,4.2338,4.2468,4.2867,4.2766,4.2459,4.2338,4.2741,4.2604,4.2134,4.2232,4.2665,4.2542,4.2061,4.1864,4.2036,4.1865,4.2032,4.1881,4.203,4.2412,4.259,4.303,4.3156,4.3561,4.3655,4.3385,4.3692,4.4027,4.357,4.329,4.3582,4.3362,4.3521,4.3719,4.383,4.3594,4.3718
Kramer Mike,4.0062,3.9768,4.0002,4.0228,3.9963,3.9963,3.9515,3.9416,3.9805,3.9904,4.0376,4.0235,,,,,,,,,,,,,,,,,,,,,,,,,,,,,,,,,,,,,,,,,,
Scott Michael,4.5543,4.5934,4.6425,4.6175,4.5784,4.5784,4.5475,4.509,4.4884,4.5154,4.5362,4.5687,4.5232,4.545,4.5946,4.6079,4.5722,4.5844,4.6277,4.6467,4.6886,4.6661,4.6983,4.7179,4.6745,4.6826,4.6359,4.6461,4.6074,4.6196,4.661,4.676,4.6416,4.6583,4.6132,4.6289,4.5921,4.5532,4.5309,4.503,4.4826,4.4617,4.4887,4.532,4.4985,4.4638,4.4918,4.5278,4.4958,4.4872,4.4423,4.4361,4.3873,4.3918
Werner Mark,3.9838,3.9421,3.9665,3.9186,3.8961,3.859,3.8177,3.7878,3.7632,,,,,,,,,,,,,,,,,,,,,,,,,,,,,,,,,,,,,,,,,,,,,
Summers Nancy (Nan),3.9059,3.8722,3.8445,3.8729,3.8454,3.8454,,,,,,,,,,,,,,,,,,,,,,,,,,,,,,,,,,,,,,,,,,,,,,,,
Walker Nancy,4.3908,4.374,4.3594,4.3762,4.3877,4.41,4.3871,4.3938,4.3706,4.3766,4.3766,4.3698,4.3427,4.3346,4.3602,4.35,4.3765,4.3643,4.3544,4.3372,4.347,4.3303,4.3184,4.3035,4.3002,4.2984,4.2949,4.2929,4.2899,4.2882,,,,,,,,,,,,,,,,,,,,,,,,
Riley Nina,4.2894,4.3273,4.309,4.2745,4.2595,4.2124,,,,,,,,,,,,,,,,,,,,,,,,,,,,,,,,,,,,,,,,,,,,,,,,
Lee Patrick (Pat),4.1442,4.0975,4.1353,4.1771,4.1519,4.1948,,,,,,,,,,,,,,,,,,,,,,,,,,,,,,,,,,,,,,,,,,,,,,,,
Stokes Francis (Pepper),4.1343,4.1033,4.0676,4.0436,4.0685,4.048,4.0953,4.1296,4.1009,4.1332,4.1417,4.1176,4.1094,4.137,4.1283,,,,,,,,,,,,,,,,,,,,,,,,,,,,,,,,,,,,,,,
Blythe Richard,4.3904,4.3512,4.3822,4.4314,4.4795,4.4493,4.489,4.5188,4.4878,4.4405,4.4078,4.3735,4.3979,4.4266,4.4567,4.4883,4.5106,4.5333,4.5489,4.5664,4.5782,4.5824,4.5376,4.5425,4.5104,4.5157,4.4873,,,,,,,,,,,,,,,,,,,,,,,,,,,
Dodge Suzanne,4.154,4.1727,4.189,4.1471,4.1899,4.231,4.2597,4.2338,4.2592,4.2849,4.3133,4.2902,4.3133,4.2853,4.3055,4.2938,4.3016,4.2894,4.2831,4.2831,4.2888,4.261,4.2966,4.2709,4.2321,4.2137,4.2444,4.2029,4.2125,4.164,4.1748,4.2176,4.2259,4.2093,4.2513,4.2683,4.311,4.2885,4.2505,4.2565,4.2752,4.2803,4.2961,4.3006,4.3142,4.3617,4.3642,4.3177,4.3207,4.3606,4.363,,,
Lakip-Ochoa Rhonda,4.2551,4.2125,4.1852,4.1522,4.1522,4.1522,4.1818,4.2281,4.2657,4.3004,4.3476,4.3676,4.3396,4.2996,4.2802,4.2332,4.2467,4.2075,4.2304,4.1873,4.2105,4.2439,4.2439,4.2062,4.1846,4.2302,4.2517,4.221,4.2431,4.2751,4.2337,4.2668,4.3012,4.3463,4.3914,4.3506,4.3124,4.3543,4.3103,4.2747,4.2342,4.284,4.3006,4.2788,4.2971,4.2778,4.2928,4.3101,4.3564,4.382,4.3467,4.32,4.2708,4.2525
Kraft Robert (Bob),4.7567,4.7074,4.6583,4.6269,4.666,4.666,,,,,,,,,,,,,,,,,,,,,,,,,,,,,,,,,,,,,,,,,,,,,,,,
Toomey David (Moon),4.4802,4.4569,4.4842,4.4444,4.4612,4.4126,4.3958,4.3649,4.3426,4.3232,4.3456,4.3279,4.3478,4.3315,4.3494,4.3772,4.3807,4.4064,4.409,4.4274,4.43,4.4766,4.5214,4.5547,4.5868,4.5661,4.5945,,,,,,,,,,,,,,,,,,,,,,,,,,,
Danielson Robert,4.3085,4.3537,4.3388,4.2981,4.2871,4.3303,,,,,,,,,,,,,,,,,,,,,,,,,,,,,,,,,,,,,,,,,,,,,,,,
Roybal Robert,4.0984,4.06,4.0296,4.0608,4.0544,4.0791,4.0726,4.0928,4.0863,4.0606,4.1097,4.1328,4.1661,4.1941,4.2161,4.1869,4.1446,4.1875,4.138,4.1026,4.1331,4.1015,4.0888,4.0661,4.0559,4.0384,4.0473,4.0265,4.0578,4.0789,4.0513,4.0278,4.0677,4.0659,4.0472,4.0456,4.0298,4.0283,4.0147,3.9981,3.9836,4.0001,3.9879,3.9679,3.9587,,,,,,,,,
Put Ron,4.2326,4.2718,4.2408,4.1981,4.2121,4.1659,4.1795,4.1438,4.1568,4.1184,4.09,4.0633,4.0402,4.0205,4.0003,4.0295,4.0587,4.0158,3.9835,4.0189,4.0578,4.0264,4.0068,3.9837,4.0062,3.9857,4.008,3.9674,3.9451,3.9164,3.9008,3.8792,3.8674,3.8607,3.8742,3.8676,3.8835,3.8769,3.8929,3.9328,3.9313,3.9029,3.9016,3.9399,3.9384,3.8909,3.9368,3.9833,4.0127,3.9728,4.0023,,,
Aparo Salvatore (Sal),4.2009,4.1523,4.1448,4.1092,4.1036,4.0774,,,,,,,,,,,,,,,,,,,,,,,,,,,,,,,,,,,,,,,,,,,,,,,,
White Douglas,4.1584,4.2033,4.2205,4.1778,4.1633,4.2094,,,,,,,,,,,,,,,,,,,,,,,,,,,,,,,,,,,,,,,,,,,,,,,,
Powell Jason,4.6638,4.6141,4.5703,4.5367,4.4997,4.5234,4.54,4.5182,4.5365,4.5172,4.5322,4.5495,,,,,,,,,,,,,,,,,,,,,,,,,,,,,,,,,,,,,,,,,,
Speckman William,4.5924,4.6391,4.6028,4.6455,4.6705,4.7167,4.7332,4.7689,4.7809,4.769,4.8017,4.7915,4.7671,4.7814,4.7513,4.7796,4.7387,4.7079,4.7366,4.6971,4.6671,4.6781,4.6595,4.6491,4.6316,4.6433,4.6295,4.671,4.6591,4.7076,4.6971,4.6543,4.6682,4.689,4.6755,4.6544,4.6385,4.662,4.646,4.6521,4.613,4.605,4.5701,4.5617,4.5384,4.5253,4.5489,4.5361,4.5081,4.4977,4.4744,,,
Ostrander Vickie,4.0891,4.0603,4.088,4.0633,4.0908,4.0908,4.0431,4.0121,3.9764,3.9524,3.9773,3.9568,3.978,4.018,4.0326,4.0796,4.0681,4.1073,4.1543,4.111,4.1591,4.1128,4.0676,4.1029,4.1436,4.1928,4.1496,,,,,,,,,,,,,,,,,,,,,,,,,,,
Chiravolo Anthony (Tony),4.5231,4.4943,4.522,4.4973,4.5248,4.5248,4.546,4.586,4.6006,4.6476,4.6361,4.6753,4.632,4.6079,4.566,4.5361,4.5039,4.4674,4.5144,4.4711,4.5192,4.4729,4.4277,4.463,4.5037,4.5529,4.5097,,,,,,,,,,,,,,,,,,,,,,,,,,,
Tortorice Diane,4.3673,4.3758,4.3517,4.3435,4.3711,4.3624,4.3526,4.4012,4.4137,4.4493,4.4681,4.4943,4.5109,4.465,4.4485,4.4191,4.4391,4.4096,,,,,,,,,,,,,,,,,,,,,,,,,,,,,,,,,,,,
Psaris Thomas (Tom),4.1318,4.1032,4.1334,4.1087,4.0789,4.0612,4.0322,4.0062,3.9863,,,,,,,,,,,,,,,,,,,,,,,,,,,,,,,,,,,,,,,,,,,,,
Birchall Anthony (Tony),3.9119,3.882,3.8922,3.9315,3.9172,3.8798,3.8915,3.8845,3.8967,3.8903,3.8903,3.8846,3.9318,3.9735,4.0055,4.0534,4.0317,4.0688,4.1094,4.1209,4.1496,4.1587,4.1803,4.1878,4.2186,4.2577,4.2109,4.2458,4.2909,4.3142,4.3196,4.2929,4.2986,4.276,4.282,4.2625,,,,,,,,,,,,,,,,,,
Senyitko Tom,4.817,4.843,4.8629,4.8374,4.8436,4.8155,4.8221,4.7906,4.7978,4.833,4.7914,4.8352,4.8838,4.9208,4.8849,4.8547,4.9012,4.9333,4.9778,5.0006,4.9726,4.9857,4.9888,5.0016,4.9988,5.0092,5.0119,,,,,,,,,,,,,,,,,,,,,,,,,,,
Martin Tony,4.117,4.0983,4.082,4.0508,4.0368,4.0121,3.9985,3.9783,3.9653,3.9956,4.0255,4.0666,4.0273,4.0742,4.1116,4.1046,4.0822,4.0772,4.0573,4.0523,4.0344,4.0234,4.0136,4.024,4.0155,4.0038,3.9969,3.9986,3.989,3.9875,3.9767,3.9782,3.9699,4.009,3.9777,4.0223,4.0499,4.0918,4.0519,4.012,3.9778,4.0062,4.0456,4.0073,4.0432,4.0378,4.0347,4.029,4.0318,4.0258,4.0231,,,
Babbe Victoria (Vicki),4.1648,4.1185,4.0796,4.0449,3.9977,3.9777,3.928,3.9062,3.8687,3.8554,3.8261,3.8139,3.8009,3.8054,3.8155,3.8098,3.8219,3.8283,3.8062,3.8015,3.7825,3.7779,3.7613,3.7568,3.7556,3.7494,3.7482,3.7416,3.7428,3.7356,,,,,,,,,,,,,,,,,,,,,,,,
